USE Orders_ER;
GO


SET IDENTITY_INSERT production.brands ON;  
INSERT INTO production.brands(brand_id,brand_name) VALUES(1,'Electra')
INSERT INTO production.brands(brand_id,brand_name) VALUES(2,'Haro')
INSERT INTO production.brands(brand_id,brand_name) VALUES(3,'Heller')
INSERT INTO production.brands(brand_id,brand_name) VALUES(4,'Pure Cycles')
INSERT INTO production.brands(brand_id,brand_name) VALUES(5,'Ritchey')
INSERT INTO production.brands(brand_id,brand_name) VALUES(6,'Strider')
INSERT INTO production.brands(brand_id,brand_name) VALUES(7,'Sun Bicycles')
INSERT INTO production.brands(brand_id,brand_name) VALUES(8,'Surly')
INSERT INTO production.brands(brand_id,brand_name) VALUES(9,'Trek')
SET IDENTITY_INSERT production.brands OFF;  

SET IDENTITY_INSERT production.categories ON;  
INSERT INTO production.categories(category_id,category_name) VALUES(1,'Children Bicycles')
INSERT INTO production.categories(category_id,category_name) VALUES(2,'Comfort Bicycles')
INSERT INTO production.categories(category_id,category_name) VALUES(3,'Cruisers Bicycles')
INSERT INTO production.categories(category_id,category_name) VALUES(4,'Cyclocross Bicycles')
INSERT INTO production.categories(category_id,category_name) VALUES(5,'Electric Bikes')
INSERT INTO production.categories(category_id,category_name) VALUES(6,'Mountain Bikes')
INSERT INTO production.categories(category_id,category_name) VALUES(7,'Road Bikes')
SET IDENTITY_INSERT production.categories OFF;  

SET IDENTITY_INSERT production.products ON;
INSERT INTO production.products(product_id, product_name, brand_id, category_id, model_year, list_price) VALUES(1,'Trek 820 - 2016',9,6,2016,379.99)
INSERT INTO production.products(product_id, product_name, brand_id, category_id, model_year, list_price) VALUES(2,'Ritchey Timberwolf Frameset - 2016',5,6,2016,749.99)
INSERT INTO production.products(product_id, product_name, brand_id, category_id, model_year, list_price) VALUES(3,'Surly Wednesday Frameset - 2016',8,6,2016,999.99)
INSERT INTO production.products(product_id, product_name, brand_id, category_id, model_year, list_price) VALUES(4,'Trek Fuel EX 8 29 - 2016',9,6,2016,2899.99)
INSERT INTO production.products(product_id, product_name, brand_id, category_id, model_year, list_price) VALUES(5,'Heller Shagamaw Frame - 2016',3,6,2016,1320.99)
INSERT INTO production.products(product_id, product_name, brand_id, category_id, model_year, list_price) VALUES(6,'Surly Ice Cream Truck Frameset - 2016',8,6,2016,469.99)
INSERT INTO production.products(product_id, product_name, brand_id, category_id, model_year, list_price) VALUES(7,'Trek Slash 8 27.5 - 2016',9,6,2016,3999.99)
INSERT INTO production.products(product_id, product_name, brand_id, category_id, model_year, list_price) VALUES(8,'Trek Remedy 29 Carbon Frameset - 2016',9,6,2016,1799.99)
INSERT INTO production.products(product_id, product_name, brand_id, category_id, model_year, list_price) VALUES(9,'Trek Conduit+ - 2016',9,5,2016,2999.99)
INSERT INTO production.products(product_id, product_name, brand_id, category_id, model_year, list_price) VALUES(10,'Surly Straggler - 2016',8,4,2016,1549)
INSERT INTO production.products(product_id, product_name, brand_id, category_id, model_year, list_price) VALUES(11,'Surly Straggler 650b - 2016',8,4,2016,1680.99)
INSERT INTO production.products(product_id, product_name, brand_id, category_id, model_year, list_price) VALUES(12,'Electra Townie Original 21D - 2016',1,3,2016,549.99)
INSERT INTO production.products(product_id, product_name, brand_id, category_id, model_year, list_price) VALUES(13,'Electra Cruiser 1 (24-Inch) - 2016',1,3,2016,269.99)
INSERT INTO production.products(product_id, product_name, brand_id, category_id, model_year, list_price) VALUES(14,'Electra Girl''s Hawaii 1 (16-inch) - 2015/2016',1,3,2016,269.99)
INSERT INTO production.products(product_id, product_name, brand_id, category_id, model_year, list_price) VALUES(15,'Electra Moto 1 - 2016',1,3,2016,529.99)
INSERT INTO production.products(product_id, product_name, brand_id, category_id, model_year, list_price) VALUES(16,'Electra Townie Original 7D EQ - 2016',1,3,2016,599.99)
INSERT INTO production.products(product_id, product_name, brand_id, category_id, model_year, list_price) VALUES(17,'Pure Cycles Vine 8-Speed - 2016',4,3,2016,429)
INSERT INTO production.products(product_id, product_name, brand_id, category_id, model_year, list_price) VALUES(18,'Pure Cycles Western 3-Speed - Women''s - 2015/2016',4,3,2016,449)
INSERT INTO production.products(product_id, product_name, brand_id, category_id, model_year, list_price) VALUES(19,'Pure Cycles William 3-Speed - 2016',4,3,2016,449)
INSERT INTO production.products(product_id, product_name, brand_id, category_id, model_year, list_price) VALUES(20,'Electra Townie Original 7D EQ - Women''s - 2016',1,3,2016,599.99)
INSERT INTO production.products(product_id, product_name, brand_id, category_id, model_year, list_price) VALUES(21,'Electra Cruiser 1 (24-Inch) - 2016',1,1,2016,269.99)
INSERT INTO production.products(product_id, product_name, brand_id, category_id, model_year, list_price) VALUES(22,'Electra Girl''s Hawaii 1 (16-inch) - 2015/2016',1,1,2016,269.99)
INSERT INTO production.products(product_id, product_name, brand_id, category_id, model_year, list_price) VALUES(23,'Electra Girl''s Hawaii 1 (20-inch) - 2015/2016',1,1,2016,299.99)
INSERT INTO production.products(product_id, product_name, brand_id, category_id, model_year, list_price) VALUES(24,'Electra Townie Original 21D - 2016',1,2,2016,549.99)
INSERT INTO production.products(product_id, product_name, brand_id, category_id, model_year, list_price) VALUES(25,'Electra Townie Original 7D - 2015/2016',1,2,2016,499.99);
INSERT INTO production.products(product_id, product_name, brand_id, category_id, model_year, list_price) VALUES(26,'Electra Townie Original 7D EQ - 2016',1,2,2016,599.99)
SET IDENTITY_INSERT production.products OFF;

INSERT INTO sales.customers(first_name, last_name, phone, email, street, city, state, zip_code) VALUES('Debra','Burks',NULL,'debra.burks@yahoo.com','9273 Thorne Ave. ','Orchard Park','NY',14127);
INSERT INTO sales.customers(first_name, last_name, phone, email, street, city, state, zip_code) VALUES('Kasha','Todd',NULL,'kasha.todd@yahoo.com','910 Vine Street ','Campbell','CA',95008);
INSERT INTO sales.customers(first_name, last_name, phone, email, street, city, state, zip_code) VALUES('Tameka','Fisher',NULL,'tameka.fisher@aol.com','769C Honey Creek St. ','Redondo Beach','CA',90278);
INSERT INTO sales.customers(first_name, last_name, phone, email, street, city, state, zip_code) VALUES('Daryl','Spence',NULL,'daryl.spence@aol.com','988 Pearl Lane ','Uniondale','NY',11553);
INSERT INTO sales.customers(first_name, last_name, phone, email, street, city, state, zip_code) VALUES('Charolette','Rice','(916) 381-6003','charolette.rice@msn.com','107 River Dr. ','Sacramento','CA',95820);
INSERT INTO sales.customers(first_name, last_name, phone, email, street, city, state, zip_code) VALUES('Lyndsey','Bean',NULL,'lyndsey.bean@hotmail.com','769 West Road ','Fairport','NY',14450);
INSERT INTO sales.customers(first_name, last_name, phone, email, street, city, state, zip_code) VALUES('Latasha','Hays','(716) 986-3359','latasha.hays@hotmail.com','7014 Manor Station Rd. ','Buffalo','NY',14215);
INSERT INTO sales.customers(first_name, last_name, phone, email, street, city, state, zip_code) VALUES('Jacquline','Duncan',NULL,'jacquline.duncan@yahoo.com','15 Brown St. ','Jackson Heights','NY',11372);
INSERT INTO sales.customers(first_name, last_name, phone, email, street, city, state, zip_code) VALUES('Genoveva','Baldwin',NULL,'genoveva.baldwin@msn.com','8550 Spruce Drive ','Port Washington','NY',11050);
INSERT INTO sales.customers(first_name, last_name, phone, email, street, city, state, zip_code) VALUES('Pamelia','Newman',NULL,'pamelia.newman@gmail.com','476 Chestnut Ave. ','Monroe','NY',10950);
INSERT INTO sales.customers(first_name, last_name, phone, email, street, city, state, zip_code) VALUES('Deshawn','Mendoza',NULL,'deshawn.mendoza@yahoo.com','8790 Cobblestone Street ','Monsey','NY',10952);
INSERT INTO sales.customers(first_name, last_name, phone, email, street, city, state, zip_code) VALUES('Robby','Sykes','(516) 583-7761','robby.sykes@hotmail.com','486 Rock Maple Street ','Hempstead','NY',11550);
INSERT INTO sales.customers(first_name, last_name, phone, email, street, city, state, zip_code) VALUES('Lashawn','Ortiz',NULL,'lashawn.ortiz@msn.com','27 Washington Rd. ','Longview','TX',75604);
INSERT INTO sales.customers(first_name, last_name, phone, email, street, city, state, zip_code) VALUES('Garry','Espinoza',NULL,'garry.espinoza@hotmail.com','7858 Rockaway Court ','Forney','TX',75126);
INSERT INTO sales.customers(first_name, last_name, phone, email, street, city, state, zip_code) VALUES('Linnie','Branch',NULL,'linnie.branch@gmail.com','314 South Columbia Ave. ','Plattsburgh','NY',12901);
INSERT INTO sales.customers(first_name, last_name, phone, email, street, city, state, zip_code) VALUES('Emmitt','Sanchez','(212) 945-8823','emmitt.sanchez@hotmail.com','461 Squaw Creek Road ','New York','NY',10002);
INSERT INTO sales.customers(first_name, last_name, phone, email, street, city, state, zip_code) VALUES('Caren','Stephens',NULL,'caren.stephens@msn.com','914 Brook St. ','Scarsdale','NY',10583);
INSERT INTO sales.customers(first_name, last_name, phone, email, street, city, state, zip_code) VALUES('Georgetta','Hardin',NULL,'georgetta.hardin@aol.com','474 Chapel Dr. ','Canandaigua','NY',14424);
INSERT INTO sales.customers(first_name, last_name, phone, email, street, city, state, zip_code) VALUES('Lizzette','Stein',NULL,'lizzette.stein@yahoo.com','19 Green Hill Lane ','Orchard Park','NY',14127);
INSERT INTO sales.customers(first_name, last_name, phone, email, street, city, state, zip_code) VALUES('Aleta','Shepard',NULL,'aleta.shepard@aol.com','684 Howard St. ','Sugar Land','TX',77478);


INSERT INTO sales.stores(store_name, phone, email, street, city, state, zip_code)
VALUES('Santa Cruz Bikes','(831) 476-4321','santacruz@bikes.shop','3700 Portola Drive', 'Santa Cruz','CA',95060),
      ('Baldwin Bikes','(516) 379-8888','baldwin@bikes.shop','4200 Chestnut Lane', 'Baldwin','NY',11432),
      ('Rowlett Bikes','(972) 530-5555','rowlett@bikes.shop','8000 Fairway Avenue', 'Rowlett','TX',75088);


SET IDENTITY_INSERT sales.staffs ON;  
INSERT INTO sales.staffs(staff_id, first_name, last_name, email, phone, active, store_id, manager_id) VALUES(1,'Fabiola','Jackson','fabiola.jackson@bikes.shop','(831) 555-5554',1,1,NULL);
INSERT INTO sales.staffs(staff_id, first_name, last_name, email, phone, active, store_id, manager_id) VALUES(2,'Mireya','Copeland','mireya.copeland@bikes.shop','(831) 555-5555',1,1,1);
INSERT INTO sales.staffs(staff_id, first_name, last_name, email, phone, active, store_id, manager_id) VALUES(3,'Genna','Serrano','genna.serrano@bikes.shop','(831) 555-5556',1,1,2);
INSERT INTO sales.staffs(staff_id, first_name, last_name, email, phone, active, store_id, manager_id) VALUES(4,'Virgie','Wiggins','virgie.wiggins@bikes.shop','(831) 555-5557',1,1,2);
INSERT INTO sales.staffs(staff_id, first_name, last_name, email, phone, active, store_id, manager_id) VALUES(5,'Jannette','David','jannette.david@bikes.shop','(516) 379-4444',1,2,1);
INSERT INTO sales.staffs(staff_id, first_name, last_name, email, phone, active, store_id, manager_id) VALUES(6,'Marcelene','Boyer','marcelene.boyer@bikes.shop','(516) 379-4445',1,2,5);
INSERT INTO sales.staffs(staff_id, first_name, last_name, email, phone, active, store_id, manager_id) VALUES(7,'Venita','Daniel','venita.daniel@bikes.shop','(516) 379-4446',1,2,5);
INSERT INTO sales.staffs(staff_id, first_name, last_name, email, phone, active, store_id, manager_id) VALUES(8,'Kali','Vargas','kali.vargas@bikes.shop','(972) 530-5555',1,3,1);
INSERT INTO sales.staffs(staff_id, first_name, last_name, email, phone, active, store_id, manager_id) VALUES(9,'Layla','Terrell','layla.terrell@bikes.shop','(972) 530-5556',1,3,7);
INSERT INTO sales.staffs(staff_id, first_name, last_name, email, phone, active, store_id, manager_id) VALUES(10,'Bernardine','Houston','bernardine.houston@bikes.shop','(972) 530-5557',1,3,7);
SET IDENTITY_INSERT sales.staffs OFF;  

SET IDENTITY_INSERT sales.orders ON;  
INSERT INTO sales.orders(order_id, customer_id, order_status, order_date, required_date, shipped_date, store_id,staff_id) VALUES(1,20,4,'20160101','20160103','20160103',1,2);
INSERT INTO sales.orders(order_id, customer_id, order_status, order_date, required_date, shipped_date, store_id,staff_id) VALUES(2,19,4,'20160101','20160104','20160103',2,6);
INSERT INTO sales.orders(order_id, customer_id, order_status, order_date, required_date, shipped_date, store_id,staff_id) VALUES(3,18,4,'20160102','20160105','20160103',2,7);
INSERT INTO sales.orders(order_id, customer_id, order_status, order_date, required_date, shipped_date, store_id,staff_id) VALUES(4,17,4,'20160103','20160104','20160105',1,3);
INSERT INTO sales.orders(order_id, customer_id, order_status, order_date, required_date, shipped_date, store_id,staff_id) VALUES(5,16,4,'20160103','20160106','20160106',2,6);
INSERT INTO sales.orders(order_id, customer_id, order_status, order_date, required_date, shipped_date, store_id,staff_id) VALUES(6,15,4,'20160104','20160107','20160105',2,6);
INSERT INTO sales.orders(order_id, customer_id, order_status, order_date, required_date, shipped_date, store_id,staff_id) VALUES(7,14,4,'20160104','20160107','20160105',2,6);
INSERT INTO sales.orders(order_id, customer_id, order_status, order_date, required_date, shipped_date, store_id,staff_id) VALUES(8,12,4,'20160104','20160105','20160105',2,7);
INSERT INTO sales.orders(order_id, customer_id, order_status, order_date, required_date, shipped_date, store_id,staff_id) VALUES(9,13,4,'20160105','20160108','20160108',1,2);
INSERT INTO sales.orders(order_id, customer_id, order_status, order_date, required_date, shipped_date, store_id,staff_id) VALUES(10,10,4,'20160105','20160106','20160106',2,6);
INSERT INTO sales.orders(order_id, customer_id, order_status, order_date, required_date, shipped_date, store_id,staff_id) VALUES(11,11,4,'20160105','20160108','20160107',2,7);
INSERT INTO sales.orders(order_id, customer_id, order_status, order_date, required_date, shipped_date, store_id,staff_id) VALUES(12,9,4,'20160106','20160108','20160109',1,2);
INSERT INTO sales.orders(order_id, customer_id, order_status, order_date, required_date, shipped_date, store_id,staff_id) VALUES(13,8,4,'20160108','20160111','20160111',2,6);
INSERT INTO sales.orders(order_id, customer_id, order_status, order_date, required_date, shipped_date, store_id,staff_id) VALUES(14,7,4,'20160109','20160111','20160112',1,3);
INSERT INTO sales.orders(order_id, customer_id, order_status, order_date, required_date, shipped_date, store_id,staff_id) VALUES(15,5,4,'20160109','20160110','20160112',2,7);
INSERT INTO sales.orders(order_id, customer_id, order_status, order_date, required_date, shipped_date, store_id,staff_id) VALUES(16,4,4,'20160112','20160115','20160115',1,3);
INSERT INTO sales.orders(order_id, customer_id, order_status, order_date, required_date, shipped_date, store_id,staff_id) VALUES(17,6,4,'20160112','20160114','20160114',1,3);
INSERT INTO sales.orders(order_id, customer_id, order_status, order_date, required_date, shipped_date, store_id,staff_id) VALUES(18,1,4,'20160114','20160117','20160115',1,3);
INSERT INTO sales.orders(order_id, customer_id, order_status, order_date, required_date, shipped_date, store_id,staff_id) VALUES(19,3,4,'20160114','20160117','20160116',1,2);
INSERT INTO sales.orders(order_id, customer_id, order_status, order_date, required_date, shipped_date, store_id,staff_id) VALUES(20,2,4,'20160114','20160116','20160117',1,2);
INSERT INTO sales.orders(order_id, customer_id, order_status, order_date, required_date, shipped_date, store_id,staff_id) VALUES(21,12,4,'20160115','20160116','20160118',2,6);
INSERT INTO sales.orders(order_id, customer_id, order_status, order_date, required_date, shipped_date, store_id,staff_id) VALUES(22,10,4,'20160116','20160118','20160117',1,2);
INSERT INTO sales.orders(order_id, customer_id, order_status, order_date, required_date, shipped_date, store_id,staff_id) VALUES(23,11,4,'20160116','20160119','20160119',1,2);
INSERT INTO sales.orders(order_id, customer_id, order_status, order_date, required_date, shipped_date, store_id,staff_id) VALUES(24,6,4,'20160118','20160120','20160119',2,7);
INSERT INTO sales.orders(order_id, customer_id, order_status, order_date, required_date, shipped_date, store_id,staff_id) VALUES(25,5,4,'20160118','20160121','20160121',2,6);
INSERT INTO sales.orders(order_id, customer_id, order_status, order_date, required_date, shipped_date, store_id,staff_id) VALUES(26,12,4,'20160118','20160121','20160119',2,7);
INSERT INTO sales.orders(order_id, customer_id, order_status, order_date, required_date, shipped_date, store_id,staff_id) VALUES(27,7,4,'20160119','20160121','20160120',2,7);
INSERT INTO sales.orders(order_id, customer_id, order_status, order_date, required_date, shipped_date, store_id,staff_id) VALUES(28,2,4,'20160119','20160120','20160121',2,6);
INSERT INTO sales.orders(order_id, customer_id, order_status, order_date, required_date, shipped_date, store_id,staff_id) VALUES(29,3,4,'20160120','20160122','20160121',2,6);
SET IDENTITY_INSERT sales.orders OFF;  

INSERT INTO sales.order_items(order_id, item_id, product_id, quantity, list_price,discount) VALUES(1,1,20,1,599.99,0.2);
INSERT INTO sales.order_items(order_id, item_id, product_id, quantity, list_price,discount) VALUES(1,2,8,2,1799.99,0.07);
INSERT INTO sales.order_items(order_id, item_id, product_id, quantity, list_price,discount) VALUES(1,3,10,2,1549.00,0.05);
INSERT INTO sales.order_items(order_id, item_id, product_id, quantity, list_price,discount) VALUES(1,4,16,2,599.99,0.05);
INSERT INTO sales.order_items(order_id, item_id, product_id, quantity, list_price,discount) VALUES(1,5,4,1,2899.99,0.2);
INSERT INTO sales.order_items(order_id, item_id, product_id, quantity, list_price,discount) VALUES(2,1,20,1,599.99,0.07);
INSERT INTO sales.order_items(order_id, item_id, product_id, quantity, list_price,discount) VALUES(2,2,16,2,599.99,0.05);
INSERT INTO sales.order_items(order_id, item_id, product_id, quantity, list_price,discount) VALUES(3,1,3,1,999.99,0.05);
INSERT INTO sales.order_items(order_id, item_id, product_id, quantity, list_price,discount) VALUES(3,2,20,1,599.99,0.05);
INSERT INTO sales.order_items(order_id, item_id, product_id, quantity, list_price,discount) VALUES(4,1,2,2,749.99,0.1);
INSERT INTO sales.order_items(order_id, item_id, product_id, quantity, list_price,discount) VALUES(5,1,10,2,1549.00,0.05);
INSERT INTO sales.order_items(order_id, item_id, product_id, quantity, list_price,discount) VALUES(5,2,17,1,429.00,0.07);
INSERT INTO sales.order_items(order_id, item_id, product_id, quantity, list_price,discount) VALUES(5,3,26,1,599.99,0.07);
INSERT INTO sales.order_items(order_id, item_id, product_id, quantity, list_price,discount) VALUES(6,1,18,1,449.00,0.07);
INSERT INTO sales.order_items(order_id, item_id, product_id, quantity, list_price,discount) VALUES(6,2,12,2,549.99,0.05);
INSERT INTO sales.order_items(order_id, item_id, product_id, quantity, list_price,discount) VALUES(6,3,20,1,599.99,0.1);
INSERT INTO sales.order_items(order_id, item_id, product_id, quantity, list_price,discount) VALUES(6,4,3,2,999.99,0.07);
INSERT INTO sales.order_items(order_id, item_id, product_id, quantity, list_price,discount) VALUES(6,5,9,2,2999.99,0.07);
INSERT INTO sales.order_items(order_id, item_id, product_id, quantity, list_price,discount) VALUES(7,1,15,1,529.99,0.07);
INSERT INTO sales.order_items(order_id, item_id, product_id, quantity, list_price,discount) VALUES(7,2,3,1,999.99,0.1);
INSERT INTO sales.order_items(order_id, item_id, product_id, quantity, list_price,discount) VALUES(7,3,17,2,429.00,0.1);
INSERT INTO sales.order_items(order_id, item_id, product_id, quantity, list_price,discount) VALUES(8,1,22,1,269.99,0.05);
INSERT INTO sales.order_items(order_id, item_id, product_id, quantity, list_price,discount) VALUES(8,2,20,2,599.99,0.07);
INSERT INTO sales.order_items(order_id, item_id, product_id, quantity, list_price,discount) VALUES(9,1,7,2,3999.99,0.1);
INSERT INTO sales.order_items(order_id, item_id, product_id, quantity, list_price,discount) VALUES(10,1,14,1,269.99,0.1);
INSERT INTO sales.order_items(order_id, item_id, product_id, quantity, list_price,discount) VALUES(11,1,8,1,1799.99,0.05);
INSERT INTO sales.order_items(order_id, item_id, product_id, quantity, list_price,discount) VALUES(11,2,22,2,269.99,0.1);
INSERT INTO sales.order_items(order_id, item_id, product_id, quantity, list_price,discount) VALUES(11,3,16,2,599.99,0.2);
INSERT INTO sales.order_items(order_id, item_id, product_id, quantity, list_price,discount) VALUES(12,1,4,2,2899.99,0.1);
INSERT INTO sales.order_items(order_id, item_id, product_id, quantity, list_price,discount) VALUES(12,2,11,1,1680.99,0.05);
INSERT INTO sales.order_items(order_id, item_id, product_id, quantity, list_price,discount) VALUES(13,1,13,1,269.99,0.1);
INSERT INTO sales.order_items(order_id, item_id, product_id, quantity, list_price,discount) VALUES(13,2,17,2,429.00,0.05);
INSERT INTO sales.order_items(order_id, item_id, product_id, quantity, list_price,discount) VALUES(13,3,20,2,599.99,0.1);
INSERT INTO sales.order_items(order_id, item_id, product_id, quantity, list_price,discount) VALUES(13,4,16,2,599.99,0.05);
INSERT INTO sales.order_items(order_id, item_id, product_id, quantity, list_price,discount) VALUES(14,1,6,1,469.99,0.07);
INSERT INTO sales.order_items(order_id, item_id, product_id, quantity, list_price,discount) VALUES(15,1,12,2,549.99,0.07);
INSERT INTO sales.order_items(order_id, item_id, product_id, quantity, list_price,discount) VALUES(15,2,8,1,1799.99,0.07);
INSERT INTO sales.order_items(order_id, item_id, product_id, quantity, list_price,discount) VALUES(15,3,18,2,449.00,0.05);
INSERT INTO sales.order_items(order_id, item_id, product_id, quantity, list_price,discount) VALUES(15,4,23,2,299.99,0.2);
INSERT INTO sales.order_items(order_id, item_id, product_id, quantity, list_price,discount) VALUES(16,1,8,1,1799.99,0.2);
INSERT INTO sales.order_items(order_id, item_id, product_id, quantity, list_price,discount) VALUES(16,2,21,1,269.99,0.05);
INSERT INTO sales.order_items(order_id, item_id, product_id, quantity, list_price,discount) VALUES(16,3,13,2,269.99,0.07);
INSERT INTO sales.order_items(order_id, item_id, product_id, quantity, list_price,discount) VALUES(16,4,14,1,269.99,0.07);
INSERT INTO sales.order_items(order_id, item_id, product_id, quantity, list_price,discount) VALUES(17,1,8,1,1799.99,0.07);
INSERT INTO sales.order_items(order_id, item_id, product_id, quantity, list_price,discount) VALUES(17,2,23,1,299.99,0.1);
INSERT INTO sales.order_items(order_id, item_id, product_id, quantity, list_price,discount) VALUES(17,3,5,1,1320.99,0.1);
INSERT INTO sales.order_items(order_id, item_id, product_id, quantity, list_price,discount) VALUES(17,4,20,2,599.99,0.2);
INSERT INTO sales.order_items(order_id, item_id, product_id, quantity, list_price,discount) VALUES(18,1,2,2,749.99,0.2);
INSERT INTO sales.order_items(order_id, item_id, product_id, quantity, list_price,discount) VALUES(18,2,22,1,269.99,0.05);
INSERT INTO sales.order_items(order_id, item_id, product_id, quantity, list_price,discount) VALUES(18,3,7,1,3999.99,0.1);
INSERT INTO sales.order_items(order_id, item_id, product_id, quantity, list_price,discount) VALUES(18,4,25,2,499.99,0.05);
INSERT INTO sales.order_items(order_id, item_id, product_id, quantity, list_price,discount) VALUES(18,5,9,2,2999.99,0.1);
INSERT INTO sales.order_items(order_id, item_id, product_id, quantity, list_price,discount) VALUES(19,1,10,1,1549.00,0.07);
INSERT INTO sales.order_items(order_id, item_id, product_id, quantity, list_price,discount) VALUES(19,2,9,2,2999.99,0.2);
INSERT INTO sales.order_items(order_id, item_id, product_id, quantity, list_price,discount) VALUES(20,1,9,1,2999.99,0.07);
INSERT INTO sales.order_items(order_id, item_id, product_id, quantity, list_price,discount) VALUES(20,2,10,2,1549.00,0.07);
INSERT INTO sales.order_items(order_id, item_id, product_id, quantity, list_price,discount) VALUES(21,1,14,1,269.99,0.05);
INSERT INTO sales.order_items(order_id, item_id, product_id, quantity, list_price,discount) VALUES(21,2,17,1,429.00,0.1);
INSERT INTO sales.order_items(order_id, item_id, product_id, quantity, list_price,discount) VALUES(21,3,10,1,1549.00,0.07);
INSERT INTO sales.order_items(order_id, item_id, product_id, quantity, list_price,discount) VALUES(22,1,15,2,529.99,0.2);
INSERT INTO sales.order_items(order_id, item_id, product_id, quantity, list_price,discount) VALUES(22,2,22,1,269.99,0.05);
INSERT INTO sales.order_items(order_id, item_id, product_id, quantity, list_price,discount) VALUES(23,1,4,2,2899.99,0.05);
INSERT INTO sales.order_items(order_id, item_id, product_id, quantity, list_price,discount) VALUES(23,2,23,2,299.99,0.1);
INSERT INTO sales.order_items(order_id, item_id, product_id, quantity, list_price,discount) VALUES(23,3,13,1,269.99,0.2);
INSERT INTO sales.order_items(order_id, item_id, product_id, quantity, list_price,discount) VALUES(24,1,3,2,999.99,0.1);
INSERT INTO sales.order_items(order_id, item_id, product_id, quantity, list_price,discount) VALUES(24,2,18,2,449.00,0.07);
INSERT INTO sales.order_items(order_id, item_id, product_id, quantity, list_price,discount) VALUES(25,1,23,2,299.99,0.2);
INSERT INTO sales.order_items(order_id, item_id, product_id, quantity, list_price,discount) VALUES(25,2,10,2,1549.00,0.2);
INSERT INTO sales.order_items(order_id, item_id, product_id, quantity, list_price,discount) VALUES(25,3,22,1,269.99,0.2);
INSERT INTO sales.order_items(order_id, item_id, product_id, quantity, list_price,discount) VALUES(25,4,14,1,269.99,0.2);
INSERT INTO sales.order_items(order_id, item_id, product_id, quantity, list_price,discount) VALUES(25,5,21,1,269.99,0.1);
INSERT INTO sales.order_items(order_id, item_id, product_id, quantity, list_price,discount) VALUES(26,1,7,1,3999.99,0.05);
INSERT INTO sales.order_items(order_id, item_id, product_id, quantity, list_price,discount) VALUES(26,2,2,1,749.99,0.2);
INSERT INTO sales.order_items(order_id, item_id, product_id, quantity, list_price,discount) VALUES(26,3,12,1,549.99,0.2);
INSERT INTO sales.order_items(order_id, item_id, product_id, quantity, list_price,discount) VALUES(26,4,21,2,269.99,0.07);
INSERT INTO sales.order_items(order_id, item_id, product_id, quantity, list_price,discount) VALUES(27,1,5,1,1320.99,0.2);
INSERT INTO sales.order_items(order_id, item_id, product_id, quantity, list_price,discount) VALUES(27,2,19,1,449.00,0.2);
INSERT INTO sales.order_items(order_id, item_id, product_id, quantity, list_price,discount) VALUES(27,3,26,2,599.99,0.07);
INSERT INTO sales.order_items(order_id, item_id, product_id, quantity, list_price,discount) VALUES(27,4,8,1,1799.99,0.07);
INSERT INTO sales.order_items(order_id, item_id, product_id, quantity, list_price,discount) VALUES(28,1,5,1,1320.99,0.05);
INSERT INTO sales.order_items(order_id, item_id, product_id, quantity, list_price,discount) VALUES(28,2,7,2,3999.99,0.2);
INSERT INTO sales.order_items(order_id, item_id, product_id, quantity, list_price,discount) VALUES(28,3,14,2,269.99,0.1);
INSERT INTO sales.order_items(order_id, item_id, product_id, quantity, list_price,discount) VALUES(28,4,6,1,469.99,0.05);
INSERT INTO sales.order_items(order_id, item_id, product_id, quantity, list_price,discount) VALUES(29,1,24,2,549.99,0.05);
INSERT INTO sales.order_items(order_id, item_id, product_id, quantity, list_price,discount) VALUES(29,2,6,1,469.99,0.2);
INSERT INTO sales.order_items(order_id, item_id, product_id, quantity, list_price,discount) VALUES(29,3,21,2,269.99,0.1);
INSERT INTO sales.order_items(order_id, item_id, product_id, quantity, list_price,discount) VALUES(29,4,8,1,1799.99,0.2);
INSERT INTO sales.order_items(order_id, item_id, product_id, quantity, list_price,discount) VALUES(29,5,14,2,269.99,0.05);